{
  "SE": 0.0000001,
  "UR": 0.000005,
  "SSR": 0.03,
  "SR": 0.20,
  "R": 0.7699949
}