{
  "SE": 0.00000001,
  "UR": 0.00000025,
  "SSR": 0.005,
  "SR": 0.35,
  "R": 0.64499974
}
